Name,MBTI,Job
조지 워싱턴,ISTJ,정치인
가을,ISTJ,연예인
강나언,ISTJ,연예인
김국헌,ISTJ,연예인
김동한,ISTJ,연예인
김진우(WINNER),ISTJ,연예인
노지선,ISTJ,연예인
동명,ISTJ,연예인
마크(GOT7),ISTJ,연예인
박소현,ISTJ,연예인
박완규,ISTJ,연예인
배인,ISTJ,연예인
보나,ISTJ,연예인
선율,ISTJ,연예인
성훈,ISTJ,연예인
신비,ISTJ,연예인
시온,ISTJ,연예인
시우민,ISTJ,연예인
써니,ISTJ,연예인
엘,ISTJ,연예인
예찬,ISTJ,연예인
유나(브브걸),ISTJ,연예인
유빈(오마이걸),ISTJ,연예인
이보영,ISTJ,연예인
이서연,ISTJ,연예인
프로미스나인,ISTJ,연예인
이석훈,ISTJ,연예인
이수정,ISTJ,연예인
이원석,ISTJ,연예인
이장원,ISTJ,연예인
제이크,ISTJ,연예인
조상우,ISTJ,연예인
진성호,ISTJ,연예인
차준호,ISTJ,연예인
차태현,ISTJ,연예인
차학연,ISTJ,연예인
헌터(xikers),ISTJ,연예인
혁,ISTJ,연예인
각별,ISTJ,스트리머
김근명,ISTJ,스트리머
나나양,ISTJ,스트리머
라더,ISTJ,스트리머
박막례,ISTJ,스트리머
박여름,ISTJ,스트리머
부동산 읽어주는 남자,ISTJ,스트리머
빅페이스,ISTJ,스트리머
삼식,ISTJ,스트리머
우왁굳,ISTJ,스트리머
윤도영,ISTJ,학원강사
쥐(인터넷 방송인),ISTJ,스트리머
용혜인(제21대 국회의원) ,ISTP,정치인
강소휘(배구선수),ISTP,체육인
김도영(야구선수) ,ISTP,체육인
송교창(농구선수) ,ISTP,체육인
윤성빈(스켈레톤 선수) ,ISTP,체육인
오상욱(펜싱선수) ,ISTP,체육인
오원석(야구선수) ,ISTP,체육인
이정현(농구선수) ,ISTP,체육인
이재현(야구선수) ,ISTP,체육인
곽시양,ISTP,연예인
권진아 ,ISTP,연예인
금조(나인뮤지스A),ISTP,연예인
김성규(인피니트),ISTP,연예인
김채원(LE SSERAFIM),ISTP,연예인
고윤정 ,ISTP,연예인
공유빈 ,ISTP,연예인
나연(TWICE) ,ISTP,연예인
미나(TWICE) ,ISTP,연예인
덱스 ,ISTP,연예인
민영(브브걸) ,ISTP,연예인
민희(CRAVITY),ISTP,연예인
박명수 ,ISTP,연예인
배진영 ,ISTP,연예인
사토 타케루 ,ISTP,연예인
성민(CRAVITY) ,ISTP,연예인
슈가(방탄소년단) ,ISTP,연예인
안유진(IVE) ,ISTP,연예인
양준모 ,ISTP,연예인
우빈(CRAVITY),ISTP,연예인
유빈(원더걸스) ,ISTP,연예인
윤여정 ,ISTP,연예인
은지원 ,ISTP,연예인
은하 ,ISTP,연예인
이종화 ,ISTP,연예인
장규리 ,ISTP,연예인
전도염 ,ISTP,연예인
전우성 ,ISTP,연예인
정해인 ,ISTP,연예인
조유리 ,ISTP,연예인
주우재,ISTP,연예인
지수(BLACKPINK) ,ISTP,연예인
최소라(모델),ISTP,연예인
채원빈 ,ISTP,연예인
케이타(EVNNE),ISTP,연예인
타케나카 유메키 ,ISTP,연예인
하석진,ISTP,연예인
한(Stray Kids) ,ISTP,연예인
한혜진(모델) ,ISTP,연예인
해원 ,ISTP,연예인
혜주(Loossemble) ,ISTP,연예인
홍진경,ISTP,연예인
환웅,ISTP,연예인
휴닝카이 ,ISTP,연예인
가우르 구라 ,ISTP,스트리머
강지 ,ISTP,스트리머
꽃자 ,ISTP,스트리머
눈꽃 ,ISTP,스트리머
배돈 ,ISTP,스트리머
살인마협회장 ,ISTP,스트리머
소람잉 ,ISTP,스트리머
수담 ,ISTP,스트리머
수탉 ,ISTP,스트리머
우주하마 ,ISTP,스트리머
유우양 ,ISTP,스트리머
유혜주 ,ISTP,스트리머
조강현 ,ISTP,스트리머
지여닝 ,ISTP,스트리머
청묘 ,ISTP,스트리머
쵸키 ,ISTP,스트리머
JUNE ,ISTP,스트리머
Veiled,ISTP,스트리머
김건우(리그 오브 레전드) ,ISTP,프로게이머
김광희(리그 오브 레전드) ,ISTP,프로게이머
도재욱(스타크래프트) ,ISTP,프로게이머
류제홍(오버워치) ,ISTP,프로게이머
서대길(리그 오브 레전드) ,ISTP,프로게이머
성연준(리그 오브 레전드) ,ISTP,프로게이머
유수혁(리그 오브 레전드) ,ISTP,프로게이머
이경민(스타크래프트) ,ISTP,프로게이머
이상혁(리그 오브 레전드) ,ISTP,프로게이머
이성진(리그 오브 레전드) ,ISTP,프로게이머
이주한(리그 오브 레전드) ,ISTP,프로게이머
이재원(히어로즈 오브 더 스톰 / 리그 오브 레전드) ,ISTP,프로게이머
장윤철(스타크래프트) ,ISTP,프로게이머
조건희(리그 오브 레전드) ,ISTP,프로게이머
정윤종(스타크래프트2) ,ISTP,프로게이머
진성준(리그 오브 레전드),ISTP,프로게이머
김민석 ,ISFJ,체육인
김민혁(1996) ,ISFJ,체육인
김연아 ,ISFJ,체육인
박지성 ,ISFJ,체육인
오선진 ,ISFJ,체육인
이대형 ,ISFJ,체육인
최원준 ,ISFJ,체육인
허경민 ,ISFJ,체육인
강승식 ,ISFJ,연예인
규진(업텐션) ,ISFJ,연예인
김경호 ,ISFJ,연예인
김시훈(BDC) ,ISFJ,연예인
김종현 ,ISFJ,연예인
나르샤 ,ISFJ,연예인
나플라 ,ISFJ,연예인
다현(로켓펀치) ,ISFJ,연예인
다현(TWICE) ,ISFJ,연예인
도영 ,ISFJ,연예인
백지헌 ,ISFJ,연예인
샤오팅 ,ISFJ,연예인
새나(FIFTY FIFTY) ,ISFJ,연예인
셀레나 고메즈 ,ISFJ,연예인
수윤(로켓펀치) ,ISFJ,연예인
신세경 ,ISFJ,연예인
신지 ,ISFJ,연예인
안영미 ,ISFJ,연예인
앨런 ,ISFJ,연예인
영재(GOT7) ,ISFJ,연예인
원빈(ATBO) ,ISFJ,연예인
유(온앤오프) ,ISFJ,연예인
유채(NATURE) ,ISFJ,연예인
윤경(로켓펀치),ISFJ,연예인
위하준 ,ISFJ,연예인
이기광 ,ISFJ,연예인
이석원 ,ISFJ,연예인
이우진(GHOST9) ,ISFJ,연예인
장도연 ,ISFJ,연예인
장민호 ,ISFJ,연예인
정연 ,ISFJ,연예인
정채연 ,ISFJ,연예인
정한 ,ISFJ,연예인
정화(EXID) ,ISFJ,연예인
지수연 ,ISFJ,연예인
진영(GOT7) ,ISFJ,연예인
최강창민 ,ISFJ,연예인
차훈 ,ISFJ,연예인
하주연 ,ISFJ,연예인
한승연 ,ISFJ,연예인
한승우 ,ISFJ,연예인
후이 ,ISFJ,연예인
SORN ,ISFJ,연예인
가온 ,ISFJ,스트리머
견자희 ,ISFJ,스트리머
김성현 ,ISFJ,스트리머
김하나(치어리더) ,ISFJ,스트리머
노랭이 ,ISFJ,스트리머
다즈비(DAZBEE)(우타이테 및 유튜버) ,ISFJ,스트리머
디바제니 ,ISFJ,스트리머
빅페이스 ,ISFJ,스트리머
시몬 ,ISFJ,스트리머
얏따 ,ISFJ,스트리머
연츄 ,ISFJ,스트리머
유키(유튜버) ,ISFJ,스트리머
자까(웹툰작가) ,ISFJ,스트리머
장풍 ,ISFJ,스트리머
조은 ,ISFJ,스트리머
주호민 ,ISFJ,스트리머
피글로그 ,ISFJ,스트리머
간미연 ,ISFP,연예인
고결 ,ISFP,연예인
그리(래퍼) ,ISFP,연예인
권정열 ,ISFP,연예인
김규성,ISFP,체육인
김건우 ,ISFP,연예인
김기범 ,ISFP,연예인
김다미 ,ISFP,연예인
김연지 ,ISFP,연예인
김영철 ,ISFP,연예인
김연규 ,ISFP,연예인
김요한 ,ISFP,연예인
김종현 ,ISFP,연예인
김태원 ,ISFP,연예인
김현수 ,ISFP,연예인
김현수(1988) ,ISFP,체육인
김혜성 ,ISFP,연예인
금희 ,ISFP,연예인
나나 ,ISFP,연예인
나균안 ,ISFP,체육인
노태현 ,ISFP,연예인
리노 ,ISFP,연예인
리에 ,ISFP,연예인
문수아(Billlie) ,ISFP,연예인
박민혜 ,ISFP,연예인
박시환 ,ISFP,연예인
배진영(CIX) ,ISFP,연예인
백현(EXO) ,ISFP,연예인
설현 ,ISFP,연예인
셔누 ,ISFP,연예인
쇼타로 ,ISFP,연예인
슬기(Red Velvet) ,ISFP,연예인
아이엠 ,ISFP,연예인
안영미 ,ISFP,연예인
야스후쿠 마린 ,ISFP,연예인
양세찬 ,ISFP,연예인
양준혁 ,ISFP,연예인
엄상백 ,ISFP,연예인
엘리(위키미키),ISFP,연예인
여진(Loossemble) ,ISFP,연예인
연우진 ,ISFP,연예인
영빈(SF9) ,ISFP,연예인
오승희(CLC) ,ISFP,연예인
오재일 ,ISFP,연예인
오헬리엉 루베르 ,ISFP,연예인
원호 ,ISFP,연예인
유승호 ,ISFP,연예인
유재석 ,ISFP,연예인
유준(BAE173) ,ISFP,연예인
윤보미(Apink) ,ISFP,연예인
윤서연(tripleS),ISFP,연예인
윤아(소녀시대),ISFP,연예인
은지원 ,ISFP,연예인
이도(원어스) ,ISFP,연예인
이미주(러블리즈) ,ISFP,연예인
러블리즈) ,ISFP,연예인
이상곤 ,ISFP,연예인
이상이 ,ISFP,연예인
이정훈 ,ISFP,연예인
이혜정 ,ISFP,연예인
인교진 ,ISFP,연예인
장하오 (ZEROBASEONE),ISFP,연예인
정국(방탄소년단) ,ISFP,연예인
제노(NCT) ,ISFP,연예인
제이호(댄서) ,ISFP,연예인
주현영 ,ISFP,연예인
쯔위(TWICE) ,ISFP,연예인
채원빈 ,ISFP,연예인
큐 ,ISFP,연예인
최병찬 ,ISFP,연예인
최성은 ,ISFP,연예인
최승용 ,ISFP,연예인
최유정 ,ISFP,연예인
최준성 ,ISFP,연예인
최채흥 ,ISFP,연예인
태일(NCT) ,ISFP,연예인
한해 ,ISFP,연예인
홍은채 (LE SSERAFIM),ISFP,연예인
홍창기 ,ISFP,체육인
훈 ,ISFP,연예인
ELLY ,ISFP,연예인
JIN(러블리즈) ,ISFP,연예인
J.Seph ,ISFP,연예인
TREASURE ,ISFP,연예인
박정우 ,ISFP,연예인
하루토 ,ISFP,연예인
가재맨 ,ISFP,스트리머
군림보 ,ISFP,스트리머
근모닝 ,ISFP,스트리머
김윤중 ,ISFP,스트리머
김인재 ,ISFP,스트리머
깨박이 ,ISFP,스트리머
다주 ,ISFP,스트리머
다콩 ,ISFP,스트리머
듀단 ,ISFP,스트리머
루코 ,ISFP,스트리머
망개 ,ISFP,스트리머
매직박 ,ISFP,스트리머
무뉴뉴 ,ISFP,스트리머
발__젭 ,ISFP,스트리머
변현제 ,ISFP,스트리머
수진이 ,ISFP,스트리머
심장에박현서 ,ISFP,스트리머
에디린 ,ISFP,스트리머
이동훈(성우) ,ISFP,스트리머
이제동 ,ISFP,스트리머
인간젤리 ,ISFP,스트리머
제로 ,ISFP,스트리머
조현수(플러리) ,ISFP,스트리머
쯔양 ,ISFP,스트리머
최홍자 ,ISFP,스트리머
케이 ,ISFP,스트리머
쿠크다슬 ,ISFP,스트리머
파니 ,ISFP,스트리머
한아름송이 ,ISFP,스트리머
햅번 ,ISFP,스트리머
황해리 ,ISFP,스트리머
BWen ,ISFP,스트리머
K짱 ,ISFP,스트리머
빌 게이츠 ,INTJ,기업인
정기선,INTJ,기업인
함영준 ,INTJ,기업인
홍정욱,INTJ,기업인
공민지 ,INTJ,연예인
김민기 ,INTJ,연예인
김법래 ,INTJ,연예인
류진(ITZY) ,INTJ,연예인
박지원(프로미스나인) ,INTJ,연예인
보아 ,INTJ,연예인
빽가 ,INTJ,연예인
엄기준 ,INTJ,연예인
에릭(신화) ,INTJ,연예인
유준상 ,INTJ,연예인
윤하 ,INTJ,연예인
은혁 ,INTJ,연예인
이경규 ,INTJ,연예인
정진운 ,INTJ,연예인
종섭 ,INTJ,연예인
지웅 ,INTJ,연예인
허영생 ,INTJ,연예인
강동원 ,INTJ,연예인
강훈 ,INTJ,연예인
김영대 ,INTJ,연예인
구혜선 ,INTJ,연예인
그루트 ,INTJ,연예인
김유정 ,INTJ,연예인
김범 ,INTJ,연예인
김윤아 ,INTJ,연예인
남궁민 ,INTJ,연예인
도운 ,INTJ,연예인
루다 ,INTJ,연예인
마크 ,INTJ,연예인
미노이 ,INTJ,연예인
방용국 ,INTJ,연예인
손나은 ,INTJ,연예인
수빈 ,INTJ,연예인
신예은 ,INTJ,연예인
안소희 ,INTJ,연예인
이바다 ,INTJ,연예인
이수혁,INTJ,연예인
차은우 ,INTJ,연예인
최보민 ,INTJ,연예인
코난 그레이 ,INTJ,연예인
하지원 ,INTJ,연예인
한소희 ,INTJ,연예인
황동준 ,INTJ,연예인
BE'O ,INTJ,연예인
San E ,INTJ,연예인
돌카스 ,INTJ,스트리머
벤 샤피로 ,INTJ,스트리머
송미아 ,INTJ,스트리머
샒의 삶 ,INTJ,스트리머
수레기 ,INTJ,스트리머
아는 변호사 ,INTJ,스트리머
이석현 ,INTJ,스트리머
장다운 ,INTJ,스트리머
침착맨 ,INTJ,스트리머
채사장 ,INTJ,스트리머
최케빈 ,INTJ,스트리머
카엔 ,INTJ,스트리머
핏블리 ,INTJ,스트리머
핑맨 ,INTJ,스트리머
동준사장 ,INTJ,스트리머
반애용 ,INTJ,스트리머
강찬용 ,INTJ,스트리머
김가인 ,INTJ,스트리머
라봉 ,INTJ,스트리머
새덕후 ,INTJ,스트리머
신승호 ,INTJ,스트리머
유나땅 ,INTJ,스트리머
윤루카스 ,INTJ,스트리머
잠뜰 ,INTJ,스트리머
준우 ,INTJ,스트리머
채희선 ,INTJ,스트리머
콘PD ,INTJ,스트리머
통닭천사 ,INTJ,스트리머
효뎡 ,INTJ,스트리머
송수형 ,INTJ,프로게이머
최태원(SK 회장) ,INTP,기업인
김태용(EO 대표),INTP,기업인
강석훈(에이블리 대표) ,INTP,기업인
이재웅(다음 창업자 (전 쏘카 대표) ,INTP,기업인
안성우(직방 대표) ,INTP,기업인
빌 게이츠 ,INTP,기업인
이동훈(의사) ,INTP,의료인
김윤하 ,INTP,체육인
박정아(배구선수) ,INTP,체육인
김희진(배구선수) ,INTP,체육인
고원(Loossemble) ,INTP,연예인
권나라 ,INTP,연예인
기리보이 ,INTP,연예인
김대호(아나운서) ,INTP,연예인
김리현 ,INTP,연예인
김상균 ,INTP,연예인
김용진 ,INTP,연예인
김우빈 ,INTP,연예인
김재경 ,INTP,연예인
김정훈(UN) ,INTP,연예인
김종완 ,INTP,연예인
노민우 ,INTP,연예인
노상현 ,INTP,연예인
미야(공원소녀) ,INTP,연예인
미료 ,INTP,연예인
미미(오마이걸) ,INTP,연예인
박강현 ,INTP,연예인
박승일 ,INTP,연예인
사쿠라(LE SSERAFIM),INTP,연예인
서인국 ,INTP,연예인
성준 ,INTP,연예인
소연(라붐) ,INTP,연예인
송강 ,INTP,연예인
스즈키 아야미 ,INTP,연예인
신민아 ,INTP,연예인
안예은 ,INTP,연예인
안효섭 ,INTP,연예인
앤씨아 ,INTP,연예인
오상진 ,INTP,연예인
옹성우 ,INTP,연예인
우원재 ,INTP,연예인
윤덕원 ,INTP,연예인
이나경(프로미스나인) ,INTP,연예인
이선균 ,INTP,연예인
이새롬 ,INTP,연예인
임현식(비투비),INTP,연예인
이신(GHOST9) ,INTP,연예인
이정훈(NELL) ,INTP,연예인
장범준 ,INTP,연예인
재찬(DKZ) ,INTP,연예인
적재 ,INTP,연예인
전소연 ,INTP,연예인
정동하(부활) ,INTP,연예인
정재형 ,INTP,연예인
정형돈 ,INTP,연예인
정휘 ,INTP,연예인
제이(ENHYPEN) ,INTP,연예인
진(방탄소년단) ,INTP,연예인
창모 ,INTP,연예인
초아(크레용팝) ,INTP,연예인
타일러 라쉬 ,INTP,연예인
현준(2000) ,INTP,연예인
HAON ,INTP,연예인
Jae ,INTP,연예인
Jvcki Wai ,INTP,연예인
TAG(골든차일드) ,INTP,연예인
VINXEN ,INTP,연예인
youra ,INTP,연예인
곽토리 ,INTP,스트리머
괴물쥐 ,INTP,스트리머
그렇다네 ,INTP,스트리머
김젬마 ,INTP,스트리머
김펭귄 ,INTP,스트리머
푸르 ,INTP,스트리머
나무늘봉순 ,INTP,스트리머
눈쟁이 ,INTP,스트리머
똘똘똘이 ,INTP,스트리머
랄로 ,INTP,스트리머
로건 ,INTP,스트리머
로렘입숨 ,INTP,스트리머
리섭 ,INTP,스트리머
매일제히 ,INTP,스트리머
박홍시 ,INTP,스트리머
배기범 ,INTP,스트리머
쓰리컨드 ,INTP,스트리머
얍얍 ,INTP,스트리머
연초봄 ,INTP,스트리머
우왁굳 ,INTP,스트리머
웁 ,INTP,스트리머
유명성 ,INTP,스트리머
유성 ,INTP,스트리머
이아린 ,INTP,스트리머
이진우 ,INTP,스트리머
임홍규 ,INTP,스트리머
장지수(인터넷 방송인) ,INTP,스트리머
재범달려 ,INTP,스트리머
정영진 ,INTP,스트리머
정재열 ,INTP,스트리머
카광 ,INTP,스트리머
콩콩 ,INTP,스트리머
푸린(인터넷 방송인) ,INTP,스트리머
프응 ,INTP,스트리머
회사원A ,INTP,스트리머
후추 ,INTP,스트리머
Fresh토마토 ,INTP,스트리머
PAKA ,INTP,스트리머
REMILIA ,INTP,스트리머
SisterSOON ,INTP,스트리머
zoodasa ,INTP,스트리머
기안84 (웹툰작가 겸 방송인) ,INTP,만화가
김풍 (웹툰작가 겸 방송인) ,INTP,만화가
귀귀 ,INTP,만화가
돈미니 ,INTP,만화가
레바 ,INTP,만화가
와나나 ,INTP,만화가
카광 ,INTP,만화가
강형우 ,INTP,프로게이머
김도현 ,INTP,프로게이머
배준식 ,INTP,프로게이머
이상혁 ,INTP,프로게이머
이현우 ,INTP,프로게이머
장민철 ,INTP,프로게이머
장하권 ,INTP,프로게이머
홍진호 ,INTP,프로게이머
홍영표 ,INFJ,정치인
이인영 ,INFJ,정치인
정용진 ,INFJ,기업인
정몽구 ,INFJ,기업인
ASH ISLAND ,INFJ,연예인
B.I ,INFJ,연예인
DPR IAN ,INFJ,연예인
DPR REM ,INFJ,연예인
JAY B ,INFJ,연예인
J. K. 롤링 ,INFJ,연예인
ken ,INFJ,연예인
R.Tee ,INFJ,연예인
Slom ,INFJ,연예인
강한나 ,INFJ,연예인
강현 ,INFJ,연예인
공지윤 ,INFJ,연예인
공지호 ,INFJ,연예인
김민주 ,INFJ,연예인
김범수 ,INFJ,연예인
김보라 ,INFJ,연예인
김수지 ,INFJ,연예인
김유식 ,INFJ,연예인
김지석 ,INFJ,연예인
김현주 ,INFJ,연예인
나인우 ,INFJ,연예인
남다름 ,INFJ,연예인
남주혁 ,INFJ,연예인
닉쿤 ,INFJ,연예인
디에잇 ,INFJ,연예인
딘딘 ,INFJ,연예인
레오 ,INFJ,연예인
레이 ,INFJ,연예인
로꼬 ,INFJ,연예인
루아 ,INFJ,연예인
류수정 ,INFJ,연예인
류인아 ,INFJ,연예인
리나 ,INFJ,연예인
마크 ,INFJ,연예인
민경훈 ,INFJ,연예인
박도하 ,INFJ,연예인
박서함 ,INFJ,연예인
박소진 ,INFJ,연예인
박신혜 ,INFJ,연예인
범규 ,INFJ,연예인
벨랴코프일리야 ,INFJ,연예인
별 ,INFJ,연예인
방민아 ,INFJ,연예인
산다라박 ,INFJ,연예인
서강준 ,INFJ,연예인
설인아 ,INFJ,연예인
성유리 ,INFJ,연예인
세이 ,INFJ,연예인
소정환 ,INFJ,연예인
손석구 ,INFJ,연예인
송영진 ,INFJ,연예인
송지효 ,INFJ,연예인
송혜교 ,INFJ,연예인
신우 ,INFJ,연예인
신현승 ,INFJ,연예인
아민 ,INFJ,연예인
아이린 ,INFJ,연예인
아이엔 ,INFJ,연예인
아이유 ,INFJ,연예인
양세형 ,INFJ,연예인
양병열 ,INFJ,연예인
양준일 ,INFJ,연예인
엄지 ,INFJ,연예인
예성 ,INFJ,연예인
옐 ,INFJ,연예인
우지 ,INFJ,연예인
유인수 ,INFJ,연예인
원우 ,INFJ,연예인
원필 ,INFJ,연예인
윈윈 ,INFJ,연예인
이경윤 ,INFJ,연예인
이동진 ,INFJ,연예인
이브 ,INFJ,연예인
이성진 ,INFJ,연예인
이재은 ,INFJ,연예인
이진아 ,INFJ,연예인
이채영 ,INFJ,연예인
이호원 ,INFJ,연예인
임영웅 ,INFJ,연예인
장혁 ,INFJ,연예인
전지우 ,INFJ,연예인
정경호 ,INFJ,연예인
정우 ,INFJ,연예인
정일우 ,INFJ,연예인
제이홉 ,INFJ,연예인
제프 ,INFJ,연예인
조인성 ,INFJ,연예인
주창욱 ,INFJ,연예인
준규 ,INFJ,연예인
준호 ,INFJ,연예인
채보훈 ,INFJ,연예인
천성호 ,INFJ,연예인
천우희 ,INFJ,연예인
최삼 ,INFJ,연예인
최원태 ,INFJ,연예인
최지은 ,INFJ,연예인
카이 ,INFJ,연예인
케빈 ,INFJ,연예인
케이시 ,INFJ,연예인
타모리 ,INFJ,연예인
태연 ,INFJ,연예인
텐 ,INFJ,연예인
티파니 영 ,INFJ,연예인
프린스 ,INFJ,연예인
한유진 ,INFJ,연예인
허성태 ,INFJ,연예인
현아 ,INFJ,연예인
형준 ,INFJ,연예인
혜림 ,INFJ,연예인
홍다빈 ,INFJ,연예인
황건하 ,INFJ,연예인
효진 ,INFJ,연예인
MBTI 일상툰 ,INFJ,스트리머
김용녀 ,INFJ,스트리머
김은별 ,INFJ,스트리머
꽃핀 ,INFJ,스트리머
달슈비 ,INFJ,스트리머
떡진밥 ,INFJ,스트리머
려리 ,INFJ,스트리머
성질급한 나무늘보 ,INFJ,스트리머
소맥거핀 ,INFJ,스트리머
안다 ,INFJ,스트리머
야마카와 토모츠나 ,INFJ,스트리머
오세진 ,INFJ,스트리머
우용곡 ,INFJ,스트리머
유진 ,INFJ,스트리머
이춘향 ,INFJ,스트리머
임한올 ,INFJ,스트리머
저블 ,INFJ,스트리머
최부기 ,INFJ,스트리머
츄정 ,INFJ,스트리머
핏더사이즈 ,INFJ,스트리머
햄튜브 ,INFJ,스트리머
혀노 ,INFJ,스트리머
힙합팬 이창민 ,INFJ,스트리머
369랑께 ,INFJ,스트리머
206sound,INFJ,스트리머
김희진 ,INFP,체육인
이다영 ,INFP,체육인
강미나 ,INFP,연예인
김소현 ,INFP,연예인
강하늘 ,INFP,연예인
강호동 ,INFP,연예인
검정치마 ,INFP,연예인
권혁 ,INFP,연예인
기현우 ,INFP,연예인
김나경 ,INFP,연예인
김숙 ,INFP,연예인
김종민 ,INFP,연예인
김지범 ,INFP,연예인
김지원 ,INFP,연예인
김해준 ,INFP,연예인
김태희 ,INFP,연예인
김하늘 ,INFP,연예인
니엘 ,INFP,연예인
나얼 ,INFP,연예인
두나 ,INFP,연예인
래원 ,INFP,연예인
려욱 ,INFP,연예인
로몬 ,INFP,연예인
루피 ,INFP,연예인
립제이 ,INFP,연예인
리즈 ,INFP,연예인
릴보이 ,INFP,연예인
모모 ,INFP,연예인
문빈 ,INFP,연예인
민재(xikers) ,INFP,연예인
민효린 ,INFP,연예인
박은빈 ,INFP,연예인
박정현 ,INFP,연예인
박지훈 ,INFP,연예인
박효신 ,INFP,연예인
방민수 ,INFP,연예인
배두나 ,INFP,연예인
백예린 ,INFP,연예인
BAE173 ,INFP,연예인
무진,INFP,연예인
도하,INFP,연예인
도현 ,INFP,연예인
빈지노 ,INFP,연예인
서현진 ,INFP,연예인
선미 ,INFP,연예인
도겸,INFP,연예인
에스쿱스,INFP,연예인
준,INFP,연예인
호시 ,INFP,연예인
소울 ,INFP,연예인
소유 ,INFP,연예인
손민수 ,INFP,연예인
송하영 ,INFP,연예인
석락원 ,INFP,연예인
설아 ,INFP,연예인
슈화 ,INFP,연예인
스텔라장 ,INFP,연예인
신혜선 ,INFP,연예인
신혜성 ,INFP,연예인
아린 ,INFP,연예인
안재현 ,INFP,연예인
양다일 ,INFP,연예인
유용하 ,INFP,연예인
엄태구 ,INFP,연예인
에릭남 ,INFP,연예인
예리 ,INFP,연예인
예함 ,INFP,연예인
오연서 ,INFP,연예인
오종혁 ,INFP,연예인
오하영 ,INFP,연예인
유리 ,INFP,연예인
윤종신 ,INFP,연예인
이성열 ,INFP,연예인
이세희 ,INFP,연예인
이용진 ,INFP,연예인
이준기 ,INFP,연예인
이준혁 ,INFP,연예인
이지혜 ,INFP,연예인
임수향 ,INFP,연예인
정가람 ,INFP,연예인
조승우 ,INFP,연예인
존박 ,INFP,연예인
진식(xikers) ,INFP,연예인
채수빈 ,INFP,연예인
채영 ,INFP,연예인
최승훈 ,INFP,연예인
카즈하 ,INFP,연예인
케빈 오 ,INFP,연예인
타블로 ,INFP,연예인
태민 ,INFP,연예인
투컷 ,INFP,연예인
하니(NewJeans) ,INFP,연예인
허각 ,INFP,연예인
혜성(VANNER) ,INFP,연예인
혜인(NewJeans) ,INFP,연예인
하림 ,INFP,연예인
한지민 ,INFP,연예인
현우(xikers) ,INFP,연예인
현진(Stray Kids) ,INFP,연예인
홍중 ,INFP,연예인
화사 ,INFP,연예인
pH-1 ,INFP,연예인
The Quiett ,INFP,연예인
요시,INFP,연예인
윤재혁,INFP,연예인
김창동 ,INFP,프로게이머
김혁규 ,INFP,프로게이머
최우제 ,INFP,프로게이머
감스트 ,INFP,스트리머
강혁민 ,INFP,스트리머
견뭉 ,INFP,스트리머
공혁준 ,INFP,스트리머
김도 ,INFP,스트리머
김로렌 ,INFP,스트리머
김원 ,INFP,스트리머
김은수 ,INFP,스트리머
김지유 ,INFP,스트리머
나도 ,INFP,스트리머
니노마에 이나니스 ,INFP,스트리머
또니 ,INFP,스트리머
루태 ,INFP,스트리머
류하리 ,INFP,스트리머
릴카 ,INFP,스트리머
문상훈 ,INFP,스트리머
문찬2 ,INFP,스트리머
미나토 아쿠아 ,INFP,스트리머
미니유 ,INFP,스트리머
밍기뉴 ,INFP,스트리머
박나나 ,INFP,스트리머
박서아 ,INFP,스트리머
뷜랑 ,INFP,스트리머
비연 ,INFP,스트리머
빠니보틀 ,INFP,스트리머
사계절의 네봄 ,INFP,스트리머
상윤쓰 ,INFP,스트리머
선바 ,INFP,스트리머
소풍왔니 ,INFP,스트리머
수닝 ,INFP,스트리머
수현 ,INFP,스트리머
숲튽훈 ,INFP,스트리머
스나랑 ,INFP,스트리머
승헌쓰 ,INFP,스트리머
쌍베 ,INFP,스트리머
아이네(이세계아이돌) ,INFP,스트리머
악녀 ,INFP,스트리머
앵지 ,INFP,스트리머
양나리 ,INFP,스트리머
양노을 ,INFP,스트리머
연두부 ,INFP,스트리머
영주 ,INFP,스트리머
오규민 ,INFP,스트리머
오요 ,INFP,스트리머
온다람 ,INFP,스트리머
옴뇸뇸걸 ,INFP,스트리머
유트루 ,INFP,스트리머
왈도쿤 ,INFP,스트리머
왓슨 아멜리아 ,INFP,스트리머
우정잉 ,INFP,스트리머
유리조아 ,INFP,스트리머
유소 ,INFP,스트리머
유혜디 ,INFP,스트리머
윤담백 ,INFP,스트리머
이다혜 ,INFP,스트리머
이승인 ,INFP,스트리머
이현석 ,INFP,스트리머
자막채널밍뭉 ,INFP,스트리머
쟈분젤 ,INFP,스트리머
지컨 ,INFP,스트리머
진렬이 ,INFP,스트리머
진저 ,INFP,스트리머
짤툰 ,INFP,스트리머
최모나 ,INFP,스트리머
최홍라 ,INFP,스트리머
케인 ,INFP,스트리머
탬탬버린 ,INFP,스트리머
풍월량 ,INFP,스트리머
플레임TV ,INFP,스트리머
피아노캣 ,INFP,스트리머
해쭈 ,INFP,스트리머
Wall Su ,INFP,스트리머
한우주 ,INFP,스트리머
홍준표 ,ESTJ,정치인
황교안 ,ESTJ,정치인
김문수 ,ESTJ,정치인
정세균 ,ESTJ,정치인
조응천,ESTJ,정치인
김구라 ,ESTJ,연예인
김남주(Apink) ,ESTJ,연예인
김소영 ,ESTJ,연예인
김준수 ,ESTJ,연예인
나성호 ,ESTJ,체육인
데프콘 ,ESTJ,연예인
모니카 ,ESTJ,연예인
민영기 ,ESTJ,연예인
뱀뱀 ,ESTJ,연예인
세은(xikers) ,ESTJ,연예인
안중열 ,ESTJ,체육인
양석환 ,ESTJ,체육인
여원 ,ESTJ,연예인
이강인 ,ESTJ,체육인
이지혜 ,ESTJ,연예인
이충권 ,ESTJ,연예인
장대현 ,ESTJ,연예인
장동민 ,ESTJ,연예인
제시카 ,ESTJ,연예인
조규성 ,ESTJ,체육인
지민 ,ESTJ,연예인
지일주 ,ESTJ,연예인
창조 ,ESTJ,연예인
치타 ,ESTJ,연예인
최지훈 ,ESTJ,체육인
한가인 ,ESTJ,연예인
한채영 ,ESTJ,연예인
효정 ,ESTJ,연예인
1분미만 ,ESTJ,스트리머
공파리파 ,ESTJ,스트리머
노래하는코트 ,ESTJ,스트리머
레오제이 ,ESTJ,스트리머
리나의 일상 ,ESTJ,스트리머
민미네이터,ESTJ,스트리머
소니쇼 ,ESTJ,스트리머
수빙수 ,ESTJ,스트리머
쏘이 ,ESTJ,스트리머
아구 ,ESTJ,스트리머
예보링 ,ESTJ,스트리머
육식맨 ,ESTJ,스트리머
이연 ,ESTJ,스트리머
포니(메이크업 아티스트) ,ESTJ,스트리머
히밥 ,ESTJ,스트리머
권휘 ,ESTP,체육인
오원석 ,ESTP,체육인
윤동희 ,ESTP,체육인
이학주 ,ESTP,체육인
최지훈 ,ESTP,체육인
송승환(야구선수) ,ESTP,체육인
경리 ,ESTP,연예인
김도형 ,ESTP,연예인
김다연(Kep1er) ,ESTP,연예인
남승민 ,ESTP,연예인
레이나 ,ESTP,연예인
문상민 ,ESTP,연예인
서현숙 ,ESTP,연예인
성찬 ,ESTP,연예인
손준호 ,ESTP,연예인
알렉스 맞추켈리 ,ESTP,연예인
용훈 ,ESTP,연예인
전현무 ,ESTP,연예인
재현(NCT) ,ESTP,연예인
태현(투모로우바이투게더) ,ESTP,연예인
프니엘 ,ESTP,연예인
현재(더보이즈) ,ESTP,연예인
강석인 ,ESTP,스트리머
김똘복 ,ESTP,스트리머
깡시 ,ESTP,스트리머
남봉 ,ESTP,스트리머
데드형 ,ESTP,스트리머
로봉순 ,ESTP,스트리머
박우태 ,ESTP,스트리머
송지아 ,ESTP,스트리머
알간지 ,ESTP,스트리머
양띵 ,ESTP,스트리머
유나YUNA ,ESTP,스트리머
코렛트 ,ESTP,스트리머
IShowSpeed ,ESTP,스트리머
곰새 ,ESTP,스트리머
김두관 ,ESFJ,정치인
변성완 ,ESFJ,정치인
이낙연 ,ESFJ,정치인
강준현 ,ESFJ,정치인
김연아 ,ESFJ,체육인
김인환 ,ESFJ,체육인
박세혁 ,ESFJ,체육인
손흥민 ,ESFJ,체육인
이상민 ,ESFJ,체육인
정보근 ,ESFJ,체육인
정찬헌 ,ESFJ,체육인
현주엽 ,ESFJ,체육인
황민경 ,ESFJ,체육인
규현 ,ESFJ,연예인
김경민 ,ESFJ,연예인
김유빈 ,ESFJ,연예인
김태형(클릭비) ,ESFJ,연예인
다영 ,ESFJ,연예인
류준민 ,ESFJ,연예인
맥랩 ,ESFJ,연예인
박보검 ,ESFJ,연예인
박지성(1994) ,ESFJ,연예인
박지후 ,ESFJ,연예인
박초롱 ,ESFJ,연예인
변우석 ,ESFJ,연예인
사와모토 나츠키 ,ESFJ,연예인
서은광 ,ESFJ,연예인
선예 ,ESFJ,연예인
송선 ,ESFJ,연예인
이성종 ,ESFJ,연예인
안성훈 ,ESFJ,연예인
앤디 ,ESFJ,연예인
오나라 ,ESFJ,연예인
우영(ATEEZ) ,ESFJ,연예인
은채 ,ESFJ,연예인
이정현(1976): 테너,ESFJ,연예인
이정훈(2000년 6월) ,ESFJ,연예인
인성(SF9) ,ESFJ,연예인
장영란 ,ESFJ,연예인
정동원 ,ESFJ,연예인
준서 ,ESFJ,연예인
차승원 ,ESFJ,연예인
크리스티나 콘팔로니에리 ,ESFJ,연예인
피오 ,ESFJ,연예인
필릭스 ,ESFJ,연예인
하늘(세러데이) ,ESFJ,연예인
혜리 ,ESFJ,연예인
황광희 ,ESFJ,연예인
황민현 ,ESFJ,연예인
효정 ,ESFJ,연예인
휴닝바히에 ,ESFJ,연예인
히카루 ,ESFJ,연예인
BM ,ESFJ,연예인
나봉 ,ESFJ,스트리머
러브솔 ,ESFJ,스트리머
류은유 ,ESFJ,스트리머
리니 ,ESFJ,스트리머
미미미누 ,ESFJ,스트리머
미소정 ,ESFJ,스트리머
서민재 ,ESFJ,스트리머
오진승 ,ESFJ,스트리머
유리글 ,ESFJ,스트리머
이근 ,ESFJ,스트리머
이다지 ,ESFJ,스트리머
파크모 ,ESFJ,스트리머
구본길 ,ESFP,체육인
구승민 ,ESFP,체육인
김대한(타자) ,ESFP,체육인
김재호 ,ESFP,체육인
박주호 ,ESFP,체육인
안재석 ,ESFP,체육인
이대호 ,ESFP,체육인
이로운 ,ESFP,체육인
이준서 ,ESFP,체육인
하재훈 ,ESFP,체육인
문동주 ,ESFP,체육인
강혜원 ,ESFP,연예인
지효(TWICE) ,ESFP,연예인
개코 ,ESFP,연예인
김영철 ,ESFP,연예인
로시 ,ESFP,연예인
박준형 ,ESFP,연예인
봉재현 ,ESFP,연예인
비 ,ESFP,연예인
백지영 ,ESFP,연예인
사이먼 도미닉 ,ESFP,연예인
상연 ,ESFP,연예인
송인화 ,ESFP,연예인
수아(첫사랑) ,ESFP,연예인
수영 ,ESFP,연예인
쇼타로 ,ESFP,연예인
시미즈 ,ESFP,연예인
영서 ,ESFP,연예인
엘리(위키미키) ,ESFP,연예인
우영 ,ESFP,연예인
은지 ,ESFP,연예인
이가은 ,ESFP,연예인
이수현 ,ESFP,연예인
이유(EVERGLOW) ,ESFP,연예인
장예원 ,ESFP,연예인
전웅 ,ESFP,연예인
정용화 ,ESFP,연예인
조연우 ,ESFP,연예인
지석진 ,ESFP,연예인
창빈 ,ESFP,연예인
채정안 ,ESFP,연예인
최재형 ,ESFP,연예인
케빈 ,ESFP,연예인
큐 ,ESFP,연예인
클로이 ,ESFP,연예인
한결 ,ESFP,연예인
헨리 ,ESFP,연예인
홍윤화 ,ESFP,연예인
김계정 ,ESFP,스트리머
딩동댕댕 ,ESFP,스트리머
마이민 ,ESFP,스트리머
만리 ,ESFP,스트리머
박삐삐 ,ESFP,스트리머
새옴 ,ESFP,스트리머
세아스토리 ,ESFP,스트리머
야식이 ,ESFP,스트리머
영국남자 ,ESFP,스트리머
임아니 ,ESFP,스트리머
윰댕 ,ESFP,스트리머
이초홍 ,ESFP,스트리머
진자림 ,ESFP,스트리머
학생서씨 ,ESFP,스트리머
왕쥬 ,ESFP,스트리머
혜로로 ,ESFP,스트리머
만수르 빈 자이드 알나얀 ,ENTJ,정치인
오세훈 ,ENTJ,정치인
김진태 ,ENTJ,정치인
이광재 ,ENTJ,정치인
스티브 잡스 ,ENTJ,기업인
셰릴 샌드버그 ,ENTJ,기업인
이승건 ,ENTJ,기업인
백종원 ,ENTJ,기업인
소형준 ,ENTJ,체육인
전준우 ,ENTJ,체육인
차준환 ,ENTJ,체육인
고은성 ,ENTJ,연예인
곽동연 ,ENTJ,연예인
문가영 ,ENTJ,연예인
이호정 ,ENTJ,연예인
강석화 ,ENTJ,연예인
김병관 ,ENTJ,연예인
도영(TREASURE) ,ENTJ,연예인
서현(소녀시대) ,ENTJ,연예인
디오 ,ENTJ,연예인
라이머 ,ENTJ,연예인
민지(NewJeans) ,ENTJ,연예인
보미(걸크러쉬) ,ENTJ,연예인
붐 ,ENTJ,연예인
비토 ,ENTJ,연예인
서영택 ,ENTJ,연예인
시원 ,ENTJ,연예인
마크툽 ,ENTJ,연예인
시현(첫사랑) ,ENTJ,연예인
아샤 ,ENTJ,연예인
윙 ,ENTJ,연예인
오스틴킴 ,ENTJ,연예인
오준석 ,ENTJ,연예인
윤종우(ONE PACT),ENTJ,연예인
용승 ,ENTJ,연예인
이재경 ,ENTJ,연예인
이특 ,ENTJ,연예인
주학년 ,ENTJ,연예인
지코 ,ENTJ,연예인
지훈 ,ENTJ,연예인
키(SHINee) ,ENTJ,연예인
한유미 ,ENTJ,연예인
허클베리피 ,ENTJ,연예인
희진 ,ENTJ,연예인
홍석 ,ENTJ,연예인
성호 ,ENTJ,연예인
이주택 ,ENTJ,스트리머
고차비 ,ENTJ,스트리머
기우쌤 ,ENTJ,스트리머
나르시 ,ENTJ,스트리머
디투몬스타 ,ENTJ,스트리머
승우아빠 ,ENTJ,스트리머
에이전트 H ,ENTJ,스트리머
오조(유튜버) ,ENTJ,스트리머
이낙준 ,ENTJ,스트리머
이녕 ,ENTJ,스트리머
이윤검 ,ENTJ,스트리머
쫀득 ,ENTJ,스트리머
최고기 ,ENTJ,스트리머
박태준(만화가) ,ENTJ,스트리머
이지영 ,ENTJ,학원강사
현우진 ,ENTJ,학원강사
강재준 ,ENTP,연예인
권민아 ,ENTP,연예인
김대호(e스포츠) ,ENTP,연예인
김도아 ,ENTP,연예인
김동완(신화) ,ENTP,연예인
김수찬 ,ENTP,연예인
김희선 ,ENTP,연예인
라미란 ,ENTP,연예인
루트(댄서) ,ENTP,연예인
리정 ,ENTP,연예인
마츠모토 히토시 ,ENTP,연예인
민기(ATEEZ) ,ENTP,연예인
민혁(몬스타엑스) ,ENTP,연예인
박경 ,ENTP,연예인
박규정 ,ENTP,연예인
박하유찬 ,ENTP,연예인
선우(더보이즈) ,ENTP,연예인
설리(1994) ,ENTP,연예인
손승연 ,ENTP,연예인
알렉스(2004) ,ENTP,연예인
예찬(xikers) ,ENTP,연예인
영탁 ,ENTP,연예인
오오타 히카리 ,ENTP,연예인
유정(브브걸) ,ENTP,연예인
육성재 ,ENTP,연예인
윤산하 ,ENTP,연예인
이규형 ,ENTP,연예인
이용신 ,ENTP,연예인
이의리 ,ENTP,연예인
이제훈 ,ENTP,연예인
이진욱 ,ENTP,연예인
장항준 ,ENTP,연예인
쟈니 ,ENTP,연예인
재효 ,ENTP,연예인
정준영 ,ENTP,연예인
제시 ,ENTP,연예인
주연 ,ENTP,연예인
지민(CLASS:y) ,ENTP,연예인
차다영 ,ENTP,연예인
퀸 와사비 ,ENTP,연예인
태용 ,ENTP,연예인
하진 ,ENTP,연예인
한예슬 ,ENTP,연예인
한요한 ,ENTP,연예인
핫펠트 ,ENTP,연예인
허니제이 ,ENTP,연예인
홍승안 ,ENTP,연예인
혜린 ,ENTP,연예인
Young K ,ENTP,연예인
Zion.T ,ENTP,연예인
강학두 ,ENTP,스트리머
김명철(수의사) ,ENTP,스트리머
김은택 ,ENTP,스트리머
고세구 ,ENTP,스트리머
나르 ,ENTP,스트리머
냐코 ,ENTP,스트리머
덕자 ,ENTP,스트리머
디바제시카,ENTP,스트리머
랄랄 ,ENTP,스트리머
랜딩 ,ENTP,스트리머
미미(인터넷 방송인) ,ENTP,스트리머
박가린※ ,ENTP,스트리머
박은혁※ ,ENTP,스트리머
싱호 ,ENTP,스트리머
우창윤 ,ENTP,스트리머
오킹 ,ENTP,스트리머
잇섭 ,ENTP,스트리머
재민TV ,ENTP,스트리머
지누 ,ENTP,스트리머
진돌 ,ENTP,스트리머
철면수심 ,ENTP,스트리머
한으뜸(흔한남매) ,ENTP,스트리머
허팝,ENTP,스트리머
윤석열 ,ENFJ,정치인
유기홍 ,ENFJ,정치인
유승민 ,ENFJ,정치인
박용진(정치인) ,ENFJ,정치인
이언주 ,ENFJ,정치인
박성훈 ,ENFJ,정치인
박인영 ,ENFJ,정치인
최강욱 ,ENFJ,정치인
최유나(변호사) ,ENFJ,법조인
김대유 ,ENFJ,체육인
김동현 ,ENFJ,체육인
김연경 ,ENFJ,체육인
김원중 ,ENFJ,체육인
최지만 ,ENFJ,체육인
허구연 ,ENFJ,체육인
강다니엘 ,ENFJ,연예인
권서경 ,ENFJ,연예인
공명 ,ENFJ,연예인
기욱 ,ENFJ,연예인
김남길 ,ENFJ,연예인
김민서(DRIPPIN) ,ENFJ,연예인
김바울 ,ENFJ,연예인
김재현 ,ENFJ,연예인
김준서 ,ENFJ,연예인
김태균 ,ENFJ,연예인
나카지마 소타 ,ENFJ,연예인
디노 ,ENFJ,연예인
리아 ,ENFJ,연예인
마크 테토 ,ENFJ,연예인
문정희 ,ENFJ,연예인
민규 ,ENFJ,연예인
민니((여자)아이들) ,ENFJ,연예인
박군 ,ENFJ,연예인
박미선 ,ENFJ,연예인
박진영 ,ENFJ,연예인
방찬 ,ENFJ,연예인
배다빈 ,ENFJ,연예인
백구영 ,ENFJ,연예인
백인태 ,ENFJ,연예인
비챤(이세계아이돌) ,ENFJ,연예인
비토 ,ENFJ,연예인
빛(BAE173) ,ENFJ,연예인
세림(CRAVITY) ,ENFJ,연예인
성진 ,ENFJ,연예인
소연 ,ENFJ,연예인
손준형 ,ENFJ,연예인
송민경 ,ENFJ,연예인
송윤형 ,ENFJ,연예인
수민(xikers) ,ENFJ,연예인
수호 ,ENFJ,연예인
승희 ,ENFJ,연예인
에릭 ,ENFJ,연예인
연정훈 ,ENFJ,연예인
오정연 ,ENFJ,연예인
오프라 윈프리 ,ENFJ,연예인
왕심린 ,ENFJ,연예인
우기((여자)아이들) ,ENFJ,연예인
원진아 ,ENFJ,연예인
유라 ,ENFJ,연예인
유주 ,ENFJ,연예인
유회승 ,ENFJ,연예인
윤나무 ,ENFJ,연예인
윤시윤 ,ENFJ,연예인
윤호 ,ENFJ,연예인
은서 ,ENFJ,연예인
이상민 ,ENFJ,연예인
이정재 ,ENFJ,연예인
이진혁 ,ENFJ,연예인
이찬원 ,ENFJ,연예인
이태승 ,ENFJ,연예인
이태환 ,ENFJ,연예인
임라라 ,ENFJ,연예인
임시완 ,ENFJ,연예인
잭슨 ,ENFJ,연예인
정우성 ,ENFJ,연예인
정예인 ,ENFJ,연예인
조권 ,ENFJ,연예인
조수민 ,ENFJ,연예인
조슈아 ,ENFJ,연예인
주연(세러데이) ,ENFJ,연예인
지아(트라이비) ,ENFJ,연예인
차주현 ,ENFJ,연예인
최욱 ,ENFJ,연예인
최예빈 ,ENFJ,연예인
켄타 ,ENFJ,연예인
키무라 케이토 ,ENFJ,연예인
하린(원위) ,ENFJ,연예인
하현우 ,ENFJ,연예인
허민선 ,ENFJ,연예인
현빈(트라이비) ,ENFJ,연예인
효진초이 ,ENFJ,연예인
Colde ,ENFJ,연예인
JUN. K ,ENFJ,연예인
Kei ,ENFJ,연예인
LEW ,ENFJ,연예인
공대생 변승주 ,ENFJ,스트리머
과학쿠키 ,ENFJ,스트리머
김동현 ,ENFJ,스트리머
난쟁이성현 ,ENFJ,스트리머
박석준 ,ENFJ,스트리머
빕어 ,ENFJ,스트리머
사과몽 ,ENFJ,스트리머
소공집사 ,ENFJ,스트리머
쌀이없어요 ,ENFJ,스트리머
오마르의 삶 ,ENFJ,스트리머
우감독 ,ENFJ,스트리머
이사배 ,ENFJ,스트리머
일오팔 ,ENFJ,스트리머
임선양 ,ENFJ,스트리머
정승제 ,ENFJ,스트리머
카이카이 ,ENFJ,스트리머
헌터퐝 ,ENFJ,스트리머
박형준 ,ENFP,정치인
최문순 ,ENFP,정치인
박지현 ,ENFP,정치인
조원진 ,ENFP,정치인
정수빈 ,ENFP,체육인
최원준 ,ENFP,체육인
강균성 ,ENFP,연예인
강민경 ,ENFP,연예인
강유찬 ,ENFP,연예인
공효진 ,ENFP,연예인
구준회 ,ENFP,연예인
권은빈 ,ENFP,연예인
길병민 ,ENFP,연예인
김동윤 ,ENFP,연예인
김동혁 ,ENFP,연예인
김서안 ,ENFP,연예인
김의성 ,ENFP,연예인
김우석 ,ENFP,연예인
김준호 ,ENFP,연예인
나다 ,ENFP,연예인
나띠 ,ENFP,연예인
나윤 ,ENFP,연예인
넉살 ,ENFP,연예인
다니엘 ,ENFP,연예인
도희 ,ENFP,연예인
동헌 ,ENFP,연예인
리키 ,ENFP,연예인
마시호 ,ENFP,연예인
마이클 리 ,ENFP,연예인
미레 ,ENFP,연예인
미르 ,ENFP,연예인
미연 ,ENFP,연예인
박문치 ,ENFP,연예인
박민영 ,ENFP,연예인
박은석 ,ENFP,연예인
박주현 ,ENFP,연예인
박준형 ,ENFP,연예인
박지훈 ,ENFP,연예인
박현수(성악가) ,ENFP,연예인
블루 ,ENFP,연예인
사나 ,ENFP,연예인
샤오쥔 ,ENFP,연예인
서연(첫사랑) ,ENFP,연예인
서지수 ,ENFP,연예인
세구치 레이야 ,ENFP,연예인
소은(트라이비) ,ENFP,연예인
손동표 ,ENFP,연예인
송진우 ,ENFP,연예인
수빈(우주소녀) ,ENFP,연예인
승관 ,ENFP,연예인
신원 ,ENFP,연예인
신승호 ,ENFP,연예인
싸이 ,ENFP,연예인
아유미 ,ENFP,연예인
아이키 ,ENFP,연예인
연호 ,ENFP,연예인
연희(로켓펀치),ENFP,연예인
오오기 히토시 ,ENFP,연예인
오윤아 ,ENFP,연예인
오진석 ,ENFP,연예인
온다 ,ENFP,연예인
올리(2006년생) - 보이즈플래닛 참가자,ENFP,연예인
와이엇 ,ENFP,연예인
원진(CRAVITY) ,ENFP,연예인
유나(첫사랑) ,ENFP,연예인
유연석 ,ENFP,연예인
유채훈 ,ENFP,연예인
윤지성 ,ENFP,연예인
윤찬영 ,ENFP,연예인
이나린 ,ENFP,연예인
이무생 ,ENFP,연예인
이민재 ,ENFP,연예인
이서 ,ENFP,연예인
이수정 ,ENFP,연예인
이승협 ,ENFP,연예인
이은지 ,ENFP,연예인
이장준 ,ENFP,연예인
이해준(1995) ,ENFP,연예인
이현이 ,ENFP,연예인
이효리 ,ENFP,연예인
이휘민 ,ENFP,연예인
임미숙 ,ENFP,연예인
임소영 ,ENFP,연예인
임지연 ,ENFP,연예인
장기용 ,ENFP,연예인
장동우 ,ENFP,연예인
장동윤 ,ENFP,연예인
전소미 ,ENFP,연예인
정민 ,ENFP,연예인
정세운 ,ENFP,연예인
정승환(ATBO) ,ENFP,연예인
정재원(드러머) ,ENFP,연예인
제아 ,ENFP,연예인
제이어스 ,ENFP,연예인
젤로 ,ENFP,연예인
조민규 ,ENFP,연예인
조세호 ,ENFP,연예인
존 레논 ,ENFP,연예인
주헌 ,ENFP,연예인
지유 ,ENFP,연예인
지젤 ,ENFP,연예인
진영 ,ENFP,연예인
찬성 ,ENFP,연예인
찬열 ,ENFP,연예인
초아(크레용팝) ,ENFP,연예인
최도원 ,ENFP,연예인
최리 ,ENFP,연예인
최예나 ,ENFP,연예인
최유진 ,ENFP,연예인
최정훈 ,ENFP,연예인
최현석(TREASURE) ,ENFP,연예인
추자현 ,ENFP,연예인
츄 ,ENFP,연예인
쿤(업텐션) ,ENFP,연예인
카리나 ,ENFP,연예인
켈리 ,ENFP,연예인
타쿠와 ,ENFP,연예인
필독 ,ENFP,연예인
프롬 ,ENFP,연예인
함연지 ,ENFP,연예인
함은정 ,ENFP,연예인
해인 ,ENFP,연예인
해찬 ,ENFP,연예인
혜빈 ,ENFP,연예인
홍성준 ,ENFP,연예인
홍주찬 ,ENFP,연예인
홍현희 ,ENFP,연예인
환희(업텐션) ,ENFP,연예인
휘인 ,ENFP,연예인
GON(VANNER) ,ENFP,연예인
Lil Bemo ,ENFP,연예인
MK(온앤오프) ,ENFP,연예인
SOLE ,ENFP,연예인
WOODZ ,ENFP,연예인
XEN ,ENFP,연예인
가오니의 메뉴판 ,ENFP,스트리머
건곤 ,ENFP,스트리머
고탱 ,ENFP,스트리머
국가비 ,ENFP,스트리머
김무비 ,ENFP,스트리머
김보현 ,ENFP,스트리머
김원식 ,ENFP,스트리머
김재원 ,ENFP,스트리머
김짠부 ,ENFP,스트리머
깅도이 ,ENFP,스트리머
다나짱 ,ENFP,스트리머
다솔찌 ,ENFP,스트리머
다주 ,ENFP,스트리머
달쑤 ,ENFP,스트리머
대도서관 ,ENFP,스트리머
동심파괴(유튜버) ,ENFP,스트리머
K짱 ,ENFP,스트리머
레이디액션 ,ENFP,스트리머
임슬기 ,ENFP,스트리머
리코땅 ,ENFP,스트리머
리타 ,ENFP,스트리머
만득 ,ENFP,스트리머
미동이 ,ENFP,스트리머
민수하 ,ENFP,스트리머
바가민 ,ENFP,스트리머
박인수 ,ENFP,스트리머
박주현 ,ENFP,스트리머
방울이 ,ENFP,스트리머
방예린 ,ENFP,스트리머
보겸 ,ENFP,스트리머
보물창고 ,ENFP,스트리머
브루스리 ,ENFP,스트리머
슬리퍼 ,ENFP,스트리머
슈뻘맨 ,ENFP,스트리머
슈카월드 ,ENFP,스트리머
아오니 AONI ,ENFP,스트리머
아구이뽀 ,ENFP,스트리머
크리스 [구 소련여자]  ,ENFP,스트리머
악어 ,ENFP,스트리머
약장수민 ,ENFP,스트리머
옐로 ,ENFP,스트리머
오킹 ,ENFP,스트리머
오현민 ,ENFP,스트리머
올라루까 ,ENFP,스트리머
우주하마 ,ENFP,스트리머
유대종 ,ENFP,스트리머
유콘 ,ENFP,스트리머
애니악TV ,ENFP,스트리머
이로하 ,ENFP,스트리머
이소영 ,ENFP,스트리머
이재완 ,ENFP,스트리머
이초홍 ,ENFP,스트리머
이호산 ,ENFP,스트리머
재재 ,ENFP,스트리머
저라뎃 ,ENFP,스트리머
조다현 ,ENFP,스트리머
체리툰 ,ENFP,스트리머
추지웅 ,ENFP,스트리머
취한무드등 ,ENFP,스트리머
풍자 ,ENFP,스트리머
한치호 ,ENFP,스트리머
장추자 ,ENFP,스트리머
아이키 ,ENFP,스트리머
한석원 ,ENFP,학원강사
Mare ,ENFP,스트리머
